transaction_id,customer_id,product_id,category,price,quantity,discount,order_date,shipping_country
TXN00001,CUST136,PROD0414,Home,36.07,8,15,2023-12-19,USA
TXN00002,CUST283,PROD0151,Books,42.32,10,5,2023-03-22,France
TXN00003,CUST036,PROD0024,Clothing,135.64,5,0,2024-12-22,Australia
TXN00004,CUST195,PROD0143,Clothing,96.15,6,0,2023-04-14,Canada
TXN00005,CUST137,PROD0360,Home,469.28,2,20,2023-08-03,Japan
TXN00006,CUST126,PROD0084,Clothing,97.83,5,25,2024-06-30,Japan
TXN00007,CUST167,PROD0432,Sports,235.13,1,0,2023-08-13,Australia
TXN00008,CUST206,PROD0138,Electronics,179.07,10,5,2023-11-20,UK
TXN00009,CUST235,PROD0074,Books,16.92,4,15,2024-02-10,France
TXN00010,CUST220,PROD0460,Home,298.01,6,0,2024-08-21,UK
TXN00011,CUST047,PROD0387,Sports,33.19,2,0,2024-05-20,Japan
TXN00012,CUST217,PROD0306,Clothing,22.07,7,20,2024-11-27,Germany
TXN00013,CUST284,PROD0441,Sports,283.88,2,25,2023-09-15,France
TXN00014,CUST175,PROD0058,Home,157.35,3,10,2024-10-18,USA
TXN00015,CUST092,PROD0260,Home,457.62,5,25,2024-05-27,France
TXN00016,CUST079,PROD0192,Sports,233.5,9,15,2023-07-23,USA
TXN00017,CUST251,PROD0010,Sports,51.32,6,5,2023-11-28,UK
TXN00018,CUST291,PROD0485,Electronics,203.58,8,0,2023-09-04,Australia
TXN00019,CUST066,PROD0338,Sports,153.08,9,0,2023-05-09,Canada
TXN00020,CUST217,PROD0494,Sports,79.3,9,0,2024-09-13,Japan
TXN00021,CUST192,PROD0225,Home,451.31,8,0,2024-02-13,UK
TXN00022,CUST174,PROD0011,Clothing,121.78,4,20,2023-03-07,UK
TXN00023,CUST031,PROD0118,Electronics,181.43,1,5,2023-03-14,USA
TXN00024,CUST143,PROD0343,Sports,155.92,9,0,2023-09-01,Japan
TXN00025,CUST243,PROD0125,Sports,239.69,7,0,2024-08-13,USA
TXN00026,CUST221,PROD0182,Electronics,875.98,8,0,2024-11-05,Japan
TXN00027,CUST207,PROD0373,Electronics,711.64,2,0,2023-03-04,UK
TXN00028,CUST230,PROD0072,Clothing,90.16,5,10,2024-07-03,UK
TXN00029,CUST282,PROD0051,Electronics,148.65,9,0,2024-03-29,USA
TXN00030,CUST209,PROD0249,Clothing,101.46,7,0,2023-06-20,UK
TXN00031,CUST200,PROD0136,Books,46.69,8,5,2023-01-03,Germany
TXN00032,CUST250,PROD0080,Sports,73.17,4,0,2024-11-08,France
TXN00033,CUST161,PROD0030,Sports,34.04,8,15,2023-03-04,Australia
TXN00034,CUST030,PROD0492,Sports,162.19,3,0,2023-06-11,France
TXN00035,CUST121,PROD0207,Electronics,283.78,10,0,2024-11-22,France
TXN00036,CUST042,PROD0215,Sports,204.06,10,15,2023-02-10,Canada
TXN00037,CUST161,PROD0123,Home,143.82,3,25,2023-07-29,Japan
TXN00038,CUST162,PROD0476,Home,379.65,2,0,2024-04-13,Germany
TXN00039,CUST052,PROD0038,Sports,170.54,9,5,2024-07-30,UK
TXN00040,CUST126,PROD0190,Home,153.22,8,15,2023-03-12,Japan
TXN00041,CUST271,PROD0005,Home,338.91,9,5,2024-09-18,Japan
TXN00042,CUST136,PROD0060,Electronics,1784.94,9,0,2023-05-18,Canada
TXN00043,CUST108,PROD0368,Home,181.3,5,15,2024-09-11,Germany
TXN00044,CUST048,PROD0325,Home,220.43,5,0,2023-02-22,USA
TXN00045,CUST135,PROD0083,Home,374.5,9,10,2023-05-14,France
TXN00046,CUST039,PROD0484,Electronics,1772.06,3,15,2023-04-25,USA
TXN00047,CUST283,PROD0076,Home,223.45,1,5,2024-08-19,Canada
TXN00048,CUST108,PROD0350,Electronics,536.58,2,5,2024-01-02,Australia
TXN00049,CUST080,PROD0474,Sports,280.37,3,0,2024-02-21,Germany
TXN00050,CUST171,PROD0401,Electronics,1865.09,4,5,2023-07-03,UK
TXN00051,CUST020,PROD0440,Electronics,967.85,4,10,2024-01-27,Canada
TXN00052,CUST115,PROD0013,Home,335.12,7,5,2023-08-22,Canada
TXN00053,CUST180,PROD0329,Electronics,1043.34,9,5,2023-10-13,USA
TXN00054,CUST092,PROD0298,Electronics,1926.94,5,0,2023-09-25,USA
TXN00055,CUST177,PROD0374,Sports,240.2,7,20,2024-03-20,France
TXN00056,CUST296,PROD0098,Electronics,546.71,7,0,2024-01-30,France
TXN00057,CUST101,PROD0187,Sports,140.76,6,20,2024-12-04,Canada
TXN00058,CUST260,PROD0159,Electronics,1350.44,6,10,2023-11-04,Japan
TXN00059,CUST066,PROD0099,Home,218.92,7,25,2024-07-21,Japan
TXN00060,CUST292,PROD0155,Clothing,87.15,1,5,2024-09-22,Canada
TXN00061,CUST297,PROD0311,Clothing,134.39,8,10,2024-03-16,Germany
TXN00062,CUST243,PROD0407,Clothing,181.22,3,25,2024-06-07,USA
TXN00063,CUST172,PROD0048,Home,411.94,4,25,2024-06-11,Canada
TXN00064,CUST076,PROD0013,Clothing,18.78,8,20,2023-07-23,Australia
TXN00065,CUST213,PROD0454,Electronics,1278.04,4,10,2024-04-11,Germany
TXN00066,CUST076,PROD0336,Books,35.94,2,10,2023-09-07,UK
TXN00067,CUST266,PROD0238,Clothing,19.54,4,0,2024-12-13,Germany
TXN00068,CUST272,PROD0287,Clothing,123.14,8,20,2024-04-20,Australia
TXN00069,CUST281,PROD0229,Sports,271.22,8,10,2024-03-12,Canada
TXN00070,CUST142,PROD0393,Clothing,157.76,8,25,2024-10-14,UK
TXN00071,CUST040,PROD0366,Home,153.58,5,5,2024-03-26,Canada
TXN00072,CUST071,PROD0078,Sports,84.75,3,0,2023-03-24,USA
TXN00073,CUST170,PROD0278,Books,25.97,1,0,2024-02-22,Australia
TXN00074,CUST300,PROD0485,Books,36.3,10,10,2024-02-03,Germany
TXN00075,CUST153,PROD0386,Electronics,810.47,7,15,2023-12-27,Japan
TXN00076,CUST113,PROD0250,Sports,81.44,7,10,2024-09-09,USA
TXN00077,CUST208,PROD0371,Books,12.43,8,0,2023-12-11,France
TXN00078,CUST202,PROD0304,Sports,178.03,1,0,2023-01-28,Japan
TXN00079,CUST237,PROD0094,Books,7.26,7,5,2023-05-19,UK
TXN00080,CUST173,PROD0390,Books,44.58,5,10,2023-12-01,Canada
TXN00081,CUST010,PROD0384,Electronics,1101.87,6,0,2024-04-26,Japan
TXN00082,CUST021,PROD0387,Electronics,110.51,4,0,2024-10-29,Australia
TXN00083,CUST079,PROD0123,Electronics,296.13,2,20,2024-09-28,UK
TXN00084,CUST132,PROD0393,Books,21.6,10,20,2024-12-17,Japan
TXN00085,CUST160,PROD0056,Electronics,1178.44,5,20,2023-06-17,Japan
TXN00086,CUST102,PROD0039,Books,31.64,4,0,2024-02-11,Japan
TXN00087,CUST062,PROD0408,Home,492.16,1,5,2024-12-01,France
TXN00088,CUST190,PROD0036,Books,27.77,6,0,2024-11-08,Australia
TXN00089,CUST055,PROD0222,Books,48.24,8,0,2024-05-16,Germany
TXN00090,CUST139,PROD0316,Clothing,163.56,9,10,2024-06-18,Germany
TXN00091,CUST138,PROD0166,Books,43.33,2,5,2024-08-29,Germany
TXN00092,CUST292,PROD0313,Clothing,136.96,6,0,2024-04-20,Germany
TXN00093,CUST250,PROD0109,Home,187.09,5,5,2023-07-06,Canada
TXN00094,CUST142,PROD0285,Sports,22.84,4,0,2024-12-19,UK
TXN00095,CUST285,PROD0389,Books,15.81,8,25,2024-05-15,Japan
TXN00096,CUST009,PROD0048,Books,18.24,7,0,2024-04-03,Canada
TXN00097,CUST243,PROD0284,Sports,168.66,7,15,2024-01-13,Canada
TXN00098,CUST233,PROD0139,Home,163.71,4,0,2024-12-20,Japan
TXN00099,CUST062,PROD0381,Clothing,111.81,3,0,2023-11-20,UK
TXN00100,CUST269,PROD0306,Books,17.73,2,0,2023-10-11,Canada
TXN00101,CUST092,PROD0155,Clothing,12.69,9,0,2024-01-05,Canada
TXN00102,CUST284,PROD0150,Electronics,1409.96,3,25,2023-02-25,Australia
TXN00103,CUST007,PROD0294,Books,17.8,8,10,2023-04-16,Canada
TXN00104,CUST130,PROD0482,Clothing,173.73,2,0,2023-02-22,Germany
TXN00105,CUST296,PROD0323,Books,35.89,3,0,2023-03-17,Australia
TXN00106,CUST044,PROD0128,Sports,53.17,7,20,2023-11-08,France
TXN00107,CUST268,PROD0195,Sports,146.14,8,5,2023-08-20,Australia
TXN00108,CUST157,PROD0292,Sports,193.89,10,0,2024-03-15,Australia
TXN00109,CUST109,PROD0136,Clothing,135.48,3,0,2024-10-02,UK
TXN00110,CUST081,PROD0002,Sports,134.38,10,10,2023-03-18,Canada
TXN00111,CUST148,PROD0362,Electronics,601.3,8,0,2023-08-26,Japan
TXN00112,CUST102,PROD0218,Clothing,31.81,4,25,2023-09-28,UK
TXN00113,CUST037,PROD0031,Home,95.47,5,20,2023-05-26,Japan
TXN00114,CUST225,PROD0064,Sports,151.24,5,10,2023-10-23,Canada
TXN00115,CUST253,PROD0225,Sports,42.52,1,10,2024-07-06,Japan
TXN00116,CUST129,PROD0014,Home,59.29,10,20,2024-09-10,USA
TXN00117,CUST021,PROD0391,Home,381.79,8,15,2024-08-13,Japan
TXN00118,CUST093,PROD0300,Books,24.61,8,0,2023-10-12,Germany
TXN00119,CUST171,PROD0165,Home,340.01,3,5,2024-02-23,Germany
TXN00120,CUST206,PROD0417,Books,39.22,1,10,2023-10-23,USA
TXN00121,CUST166,PROD0060,Home,485.54,7,15,2023-09-16,Australia
TXN00122,CUST278,PROD0237,Electronics,855.83,4,15,2024-11-04,Canada
TXN00123,CUST227,PROD0390,Sports,34.45,5,15,2024-05-25,UK
TXN00124,CUST249,PROD0063,Home,29.0,10,0,2024-03-24,Japan
TXN00125,CUST283,PROD0008,Clothing,114.93,2,0,2023-11-15,Australia
TXN00126,CUST061,PROD0332,Electronics,1672.68,8,5,2024-04-17,France
TXN00127,CUST248,PROD0242,Home,133.21,9,0,2024-03-01,Germany
TXN00128,CUST261,PROD0383,Clothing,177.07,2,5,2024-09-05,Australia
TXN00129,CUST260,PROD0137,Books,41.92,5,5,2023-12-15,Australia
TXN00130,CUST251,PROD0444,Sports,61.61,9,10,2024-08-16,Canada
TXN00131,CUST279,PROD0194,Home,235.84,6,0,2024-07-19,Japan
TXN00132,CUST197,PROD0120,Clothing,172.64,7,0,2024-08-08,Canada
TXN00133,CUST196,PROD0198,Books,49.48,3,10,2024-12-23,USA
TXN00134,CUST170,PROD0446,Clothing,29.07,8,0,2024-05-29,France
TXN00135,CUST074,PROD0210,Books,44.19,3,0,2023-01-16,Germany
TXN00136,CUST204,PROD0333,Home,53.95,6,25,2023-12-13,Australia
TXN00137,CUST163,PROD0321,Sports,221.24,8,15,2024-01-25,USA
TXN00138,CUST121,PROD0324,Sports,211.63,5,0,2023-03-12,Japan
TXN00139,CUST051,PROD0390,Electronics,1285.81,2,10,2024-03-20,UK
TXN00140,CUST024,PROD0167,Home,401.13,5,5,2023-01-30,Canada
TXN00141,CUST126,PROD0272,Books,23.54,3,0,2023-05-30,UK
TXN00142,CUST196,PROD0318,Electronics,1382.11,8,20,2024-09-16,UK
TXN00143,CUST131,PROD0236,Clothing,58.51,1,10,2024-04-17,Canada
TXN00144,CUST038,PROD0227,Sports,284.67,10,5,2023-06-11,Japan
TXN00145,CUST129,PROD0234,Books,43.04,4,10,2024-12-07,Australia
TXN00146,CUST122,PROD0196,Books,30.74,10,5,2023-04-20,Japan
TXN00147,CUST203,PROD0141,Home,18.93,1,20,2023-01-23,Japan
TXN00148,CUST118,PROD0311,Books,41.09,4,25,2023-10-21,UK
TXN00149,CUST071,PROD0322,Sports,47.21,1,5,2023-09-14,Australia
TXN00150,CUST297,PROD0187,Books,37.96,2,5,2023-02-04,Canada
TXN00151,CUST103,PROD0068,Books,40.39,6,15,2023-06-29,France
TXN00152,CUST132,PROD0468,Home,414.97,8,5,2023-06-18,Japan
TXN00153,CUST240,PROD0494,Home,51.52,4,25,2023-04-28,Japan
TXN00154,CUST188,PROD0047,Books,40.58,1,5,2024-07-24,France
TXN00155,CUST189,PROD0345,Electronics,1510.57,5,20,2024-04-10,Germany
TXN00156,CUST120,PROD0242,Home,27.14,9,5,2023-04-21,France
TXN00157,CUST033,PROD0326,Clothing,166.53,5,25,2024-10-25,Germany
TXN00158,CUST024,PROD0485,Electronics,122.56,8,0,2023-05-24,USA
TXN00159,CUST070,PROD0199,Clothing,96.19,9,10,2024-07-04,France
TXN00160,CUST051,PROD0427,Clothing,102.98,7,5,2024-02-29,USA
TXN00161,CUST228,PROD0228,Home,476.02,6,0,2023-08-11,Japan
TXN00162,CUST184,PROD0032,Home,208.1,4,0,2024-07-11,Australia
TXN00163,CUST109,PROD0329,Books,33.78,1,0,2023-04-04,Australia
TXN00164,CUST065,PROD0403,Home,288.82,2,15,2023-09-07,UK
TXN00165,CUST120,PROD0169,Sports,236.82,10,0,2023-08-10,Canada
TXN00166,CUST277,PROD0129,Clothing,161.72,2,25,2023-05-14,Australia
TXN00167,CUST008,PROD0184,Electronics,1590.47,4,20,2023-05-15,Canada
TXN00168,CUST136,PROD0027,Electronics,297.18,7,15,2023-06-28,USA
TXN00169,CUST230,PROD0399,Electronics,755.98,10,0,2024-05-02,Germany
TXN00170,CUST023,PROD0373,Sports,239.3,9,5,2023-08-15,Germany
TXN00171,CUST246,PROD0434,Electronics,833.15,2,10,2023-03-04,Japan
TXN00172,CUST042,PROD0165,Books,32.37,2,0,2023-03-17,Canada
TXN00173,CUST300,PROD0281,Sports,219.4,7,20,2024-10-10,France
TXN00174,CUST259,PROD0310,Home,223.65,2,25,2024-04-09,Japan
TXN00175,CUST221,PROD0232,Sports,268.67,7,5,2023-08-09,Australia
TXN00176,CUST213,PROD0374,Books,9.28,7,5,2024-02-13,Japan
TXN00177,CUST079,PROD0352,Home,462.65,2,0,2024-01-19,Australia
TXN00178,CUST222,PROD0050,Electronics,1501.95,6,0,2023-04-06,France
TXN00179,CUST288,PROD0288,Electronics,692.81,2,10,2024-08-23,Canada
TXN00180,CUST148,PROD0308,Books,19.06,2,20,2023-02-22,France
TXN00181,CUST247,PROD0115,Clothing,170.98,6,15,2023-06-08,Canada
TXN00182,CUST294,PROD0116,Electronics,1624.08,9,20,2023-10-13,France
TXN00183,CUST137,PROD0015,Sports,70.52,5,5,2023-01-27,Canada
TXN00184,CUST074,PROD0290,Electronics,1331.82,2,0,2023-07-05,Japan
TXN00185,CUST272,PROD0111,Electronics,783.58,8,5,2023-04-04,UK
TXN00186,CUST167,PROD0398,Home,471.58,10,0,2023-11-16,USA
TXN00187,CUST026,PROD0346,Clothing,25.5,8,25,2023-06-11,Germany
TXN00188,CUST227,PROD0213,Books,17.29,9,0,2024-09-13,Canada
TXN00189,CUST146,PROD0348,Books,35.53,8,15,2023-04-24,Japan
TXN00190,CUST113,PROD0203,Home,492.46,1,0,2023-02-16,UK
TXN00191,CUST071,PROD0392,Home,138.93,6,0,2023-08-05,USA
TXN00192,CUST090,PROD0067,Books,22.11,4,15,2024-03-16,France
TXN00193,CUST204,PROD0442,Home,374.89,7,0,2023-03-15,Germany
TXN00194,CUST295,PROD0220,Electronics,1168.13,7,5,2023-11-17,USA
TXN00195,CUST167,PROD0088,Books,41.06,10,10,2023-01-22,Australia
TXN00196,CUST224,PROD0433,Home,66.34,7,20,2023-04-01,Germany
TXN00197,CUST203,PROD0446,Sports,106.88,6,0,2023-03-22,Canada
TXN00198,CUST262,PROD0325,Clothing,31.67,9,0,2023-03-20,Australia
TXN00199,CUST076,PROD0121,Home,64.86,5,0,2023-12-26,UK
TXN00200,CUST039,PROD0091,Sports,286.36,8,10,2023-06-06,Australia
TXN00201,CUST230,PROD0349,Sports,278.76,10,25,2024-08-16,Japan
TXN00202,CUST162,PROD0078,Sports,143.13,8,10,2023-11-27,Japan
TXN00203,CUST029,PROD0181,Home,261.06,5,10,2023-10-09,Germany
TXN00204,CUST189,PROD0426,Electronics,609.8,2,20,2023-02-28,France
TXN00205,CUST237,PROD0298,Sports,175.21,1,10,2024-01-29,Australia
TXN00206,CUST097,PROD0165,Sports,189.4,9,0,2024-10-29,USA
TXN00207,CUST176,PROD0366,Books,8.79,3,0,2023-04-16,UK
TXN00208,CUST269,PROD0268,Books,32.44,6,5,2024-03-25,Canada
TXN00209,CUST174,PROD0348,Books,31.9,6,0,2024-02-23,Canada
TXN00210,CUST198,PROD0146,Electronics,541.39,10,0,2024-07-25,Canada
TXN00211,CUST073,PROD0470,Electronics,732.15,7,0,2024-08-19,France
TXN00212,CUST287,PROD0193,Electronics,1304.81,6,0,2023-11-14,Japan
TXN00213,CUST217,PROD0261,Sports,121.31,6,5,2023-04-06,UK
TXN00214,CUST249,PROD0099,Clothing,53.04,3,0,2023-12-16,USA
TXN00215,CUST260,PROD0395,Home,276.79,9,0,2023-04-14,Japan
TXN00216,CUST068,PROD0306,Home,197.71,3,0,2024-09-24,Australia
TXN00217,CUST225,PROD0023,Sports,135.04,4,10,2023-06-19,France
TXN00218,CUST120,PROD0274,Home,131.0,8,0,2024-04-04,Canada
TXN00219,CUST237,PROD0394,Sports,98.9,7,15,2024-03-27,France
TXN00220,CUST103,PROD0411,Books,32.21,5,0,2023-06-15,Japan
TXN00221,CUST284,PROD0479,Books,9.62,9,0,2024-01-16,Canada
TXN00222,CUST140,PROD0231,Electronics,1815.35,3,10,2023-06-14,USA
TXN00223,CUST179,PROD0477,Clothing,15.07,1,10,2024-04-06,France
TXN00224,CUST198,PROD0042,Home,196.83,1,5,2023-08-30,USA
TXN00225,CUST071,PROD0020,Home,154.14,8,0,2023-05-30,Australia
TXN00226,CUST003,PROD0464,Books,8.57,5,0,2024-04-04,Australia
TXN00227,CUST271,PROD0217,Clothing,31.13,5,0,2024-07-15,Canada
TXN00228,CUST123,PROD0215,Electronics,1295.96,10,10,2023-02-18,USA
TXN00229,CUST275,PROD0009,Electronics,1282.31,10,0,2024-05-26,Japan
TXN00230,CUST220,PROD0001,Clothing,126.81,4,20,2023-10-26,Germany
TXN00231,CUST044,PROD0269,Clothing,195.18,2,15,2024-11-11,France
TXN00232,CUST284,PROD0011,Sports,129.33,8,0,2024-06-03,Japan
TXN00233,CUST130,PROD0383,Books,5.73,2,5,2024-01-18,UK
TXN00234,CUST171,PROD0069,Electronics,136.45,9,5,2024-08-18,Australia
TXN00235,CUST238,PROD0357,Clothing,100.92,3,0,2024-12-02,USA
TXN00236,CUST151,PROD0104,Books,6.97,4,0,2023-02-07,Canada
TXN00237,CUST204,PROD0418,Home,278.37,5,0,2024-06-11,Australia
TXN00238,CUST183,PROD0442,Clothing,158.36,6,5,2023-10-20,USA
TXN00239,CUST205,PROD0381,Home,228.27,7,5,2024-03-23,UK
TXN00240,CUST255,PROD0189,Books,46.59,9,5,2024-12-09,Australia
TXN00241,CUST041,PROD0221,Electronics,1224.78,3,15,2024-03-10,Canada
TXN00242,CUST041,PROD0168,Home,335.55,5,10,2023-04-16,France
TXN00243,CUST228,PROD0180,Books,25.12,6,20,2023-06-20,Germany
TXN00244,CUST030,PROD0039,Home,340.52,7,5,2024-10-16,France
TXN00245,CUST074,PROD0435,Clothing,125.44,8,0,2023-02-01,UK
TXN00246,CUST188,PROD0186,Electronics,796.57,10,0,2023-08-30,France
TXN00247,CUST231,PROD0486,Clothing,80.48,8,0,2024-11-26,France
TXN00248,CUST188,PROD0204,Clothing,69.73,5,0,2024-06-26,USA
TXN00249,CUST256,PROD0266,Electronics,804.63,9,0,2023-07-10,Canada
TXN00250,CUST229,PROD0110,Home,498.24,5,10,2024-12-21,UK
TXN00251,CUST038,PROD0232,Electronics,386.68,8,0,2023-05-19,Australia
TXN00252,CUST178,PROD0364,Home,46.5,9,5,2024-11-14,Canada
TXN00253,CUST090,PROD0407,Clothing,78.68,4,0,2024-12-29,UK
TXN00254,CUST253,PROD0014,Clothing,78.57,10,5,2023-08-31,Germany
TXN00255,CUST045,PROD0034,Sports,106.6,8,15,2023-05-13,Germany
TXN00256,CUST038,PROD0065,Books,48.76,2,10,2024-08-11,Germany
TXN00257,CUST066,PROD0450,Sports,252.14,9,25,2023-12-19,France
TXN00258,CUST222,PROD0258,Clothing,183.04,1,0,2023-05-13,France
TXN00259,CUST085,PROD0083,Clothing,71.31,4,5,2023-11-08,France
TXN00260,CUST129,PROD0101,Home,323.0,9,5,2023-03-22,UK
TXN00261,CUST274,PROD0048,Home,258.75,3,20,2024-09-21,France
TXN00262,CUST173,PROD0432,Clothing,185.55,1,0,2023-06-25,USA
TXN00263,CUST296,PROD0136,Electronics,1319.7,10,10,2024-10-18,France
TXN00264,CUST280,PROD0149,Electronics,1301.72,5,10,2024-05-24,UK
TXN00265,CUST233,PROD0038,Books,35.99,3,10,2023-11-01,Germany
TXN00266,CUST105,PROD0175,Books,32.3,6,5,2024-04-20,Japan
TXN00267,CUST067,PROD0390,Home,194.71,9,0,2024-02-13,Canada
TXN00268,CUST063,PROD0137,Clothing,95.42,3,0,2024-04-22,USA
TXN00269,CUST215,PROD0128,Home,481.9,3,5,2024-01-29,France
TXN00270,CUST082,PROD0256,Home,498.05,8,10,2023-07-14,Canada
TXN00271,CUST047,PROD0484,Books,22.7,8,0,2023-01-24,UK
TXN00272,CUST025,PROD0026,Sports,98.78,10,25,2023-12-28,Japan
TXN00273,CUST275,PROD0005,Books,43.12,7,0,2023-10-20,Canada
TXN00274,CUST188,PROD0024,Home,209.28,10,15,2024-02-17,UK
TXN00275,CUST148,PROD0038,Home,202.38,8,15,2024-07-20,Canada
TXN00276,CUST061,PROD0066,Sports,293.02,7,5,2024-11-27,Australia
TXN00277,CUST188,PROD0387,Home,84.97,10,15,2024-07-25,Germany
TXN00278,CUST024,PROD0020,Sports,58.37,6,10,2023-02-11,France
TXN00279,CUST264,PROD0072,Books,19.76,10,5,2023-06-02,UK
TXN00280,CUST154,PROD0304,Books,20.14,9,15,2024-09-23,Germany
TXN00281,CUST244,PROD0418,Sports,24.66,6,25,2023-11-03,USA
TXN00282,CUST158,PROD0408,Books,45.44,1,20,2024-08-20,Germany
TXN00283,CUST297,PROD0296,Home,125.36,1,20,2024-11-02,Germany
TXN00284,CUST195,PROD0076,Clothing,166.12,4,0,2024-06-20,France
TXN00285,CUST010,PROD0226,Electronics,661.7,3,10,2023-07-15,Japan
TXN00286,CUST257,PROD0397,Clothing,126.18,8,0,2024-02-25,Japan
TXN00287,CUST107,PROD0288,Clothing,71.76,8,15,2024-06-15,Germany
TXN00288,CUST236,PROD0468,Home,273.57,9,5,2023-06-27,Japan
TXN00289,CUST248,PROD0099,Home,479.31,5,15,2024-09-16,Canada
TXN00290,CUST148,PROD0361,Clothing,49.38,8,5,2023-11-01,Germany
TXN00291,CUST141,PROD0148,Home,74.11,9,10,2024-07-27,Germany
TXN00292,CUST149,PROD0022,Home,154.5,2,5,2023-05-30,Germany
TXN00293,CUST110,PROD0104,Home,416.56,5,15,2024-05-05,Japan
TXN00294,CUST056,PROD0316,Home,374.33,4,0,2023-05-21,USA
TXN00295,CUST120,PROD0027,Sports,48.06,6,10,2023-08-20,USA
TXN00296,CUST282,PROD0476,Clothing,40.01,8,10,2023-01-06,Japan
TXN00297,CUST165,PROD0147,Clothing,132.72,2,25,2023-10-22,France
TXN00298,CUST020,PROD0468,Clothing,185.08,7,0,2024-07-01,USA
TXN00299,CUST096,PROD0480,Books,38.71,5,0,2024-05-22,USA
TXN00300,CUST055,PROD0476,Home,491.75,5,10,2024-08-04,Japan
TXN00301,CUST253,PROD0456,Sports,282.8,9,10,2024-06-20,Canada
TXN00302,CUST170,PROD0084,Clothing,148.91,5,0,2023-04-26,USA
TXN00303,CUST291,PROD0346,Home,382.28,3,20,2023-10-30,Australia
TXN00304,CUST264,PROD0168,Books,8.9,2,0,2024-03-13,UK
TXN00305,CUST128,PROD0004,Books,16.74,4,10,2023-11-28,Australia
TXN00306,CUST155,PROD0299,Home,365.6,1,5,2023-12-04,Japan
TXN00307,CUST121,PROD0032,Home,338.88,8,5,2024-12-10,UK
TXN00308,CUST258,PROD0473,Books,45.28,5,0,2024-12-03,Japan
TXN00309,CUST114,PROD0113,Home,479.32,8,0,2024-01-12,Germany
TXN00310,CUST213,PROD0360,Sports,173.79,8,15,2024-01-18,Australia
TXN00311,CUST042,PROD0270,Clothing,94.88,6,0,2023-09-11,France
TXN00312,CUST281,PROD0463,Electronics,1035.7,10,15,2023-03-05,UK
TXN00313,CUST267,PROD0227,Clothing,32.09,4,20,2023-12-02,Germany
TXN00314,CUST229,PROD0415,Electronics,158.49,3,15,2024-06-06,Germany
TXN00315,CUST030,PROD0287,Books,25.81,5,0,2024-07-31,Germany
TXN00316,CUST112,PROD0297,Home,50.42,7,5,2023-01-04,Japan
TXN00317,CUST031,PROD0479,Electronics,1793.73,8,0,2024-07-08,Canada
TXN00318,CUST070,PROD0393,Books,33.87,7,5,2023-07-04,Germany
TXN00319,CUST193,PROD0042,Books,35.72,9,0,2024-01-22,Japan
TXN00320,CUST092,PROD0276,Home,205.63,3,0,2023-05-02,Australia
TXN00321,CUST153,PROD0238,Electronics,1363.32,9,10,2023-01-24,France
TXN00322,CUST127,PROD0236,Books,20.58,5,0,2023-08-24,Japan
TXN00323,CUST215,PROD0315,Electronics,1543.8,1,0,2023-02-02,UK
TXN00324,CUST018,PROD0229,Electronics,1215.68,1,0,2023-04-14,Japan
TXN00325,CUST225,PROD0120,Electronics,1102.53,1,0,2024-02-16,France
TXN00326,CUST295,PROD0164,Home,295.08,6,0,2023-08-28,Canada
TXN00327,CUST267,PROD0114,Clothing,88.58,5,0,2024-11-07,France
TXN00328,CUST219,PROD0285,Sports,158.77,6,25,2023-06-29,Japan
TXN00329,CUST164,PROD0357,Books,23.73,3,5,2024-06-21,Germany
TXN00330,CUST243,PROD0124,Clothing,171.37,5,0,2024-07-04,Australia
TXN00331,CUST288,PROD0212,Books,48.55,9,15,2023-03-01,UK
TXN00332,CUST131,PROD0105,Books,19.86,2,10,2023-09-06,Australia
TXN00333,CUST275,PROD0371,Home,417.26,1,5,2023-04-05,Germany
TXN00334,CUST021,PROD0448,Sports,40.38,10,25,2024-09-09,France
TXN00335,CUST107,PROD0446,Clothing,182.34,5,0,2024-05-05,UK
TXN00336,CUST246,PROD0469,Clothing,56.09,10,0,2023-05-01,Germany
TXN00337,CUST165,PROD0398,Clothing,63.78,8,15,2024-07-19,Japan
TXN00338,CUST134,PROD0185,Home,263.72,8,10,2023-11-12,USA
TXN00339,CUST105,PROD0190,Books,19.08,1,20,2023-11-24,Australia
TXN00340,CUST009,PROD0134,Clothing,115.13,10,20,2023-05-30,Japan
TXN00341,CUST079,PROD0101,Books,19.84,7,20,2023-10-30,Australia
TXN00342,CUST282,PROD0336,Clothing,189.26,6,5,2024-05-26,Australia
TXN00343,CUST252,PROD0236,Books,12.57,6,0,2024-10-19,UK
TXN00344,CUST095,PROD0470,Sports,269.02,1,15,2024-05-15,USA
TXN00345,CUST025,PROD0392,Electronics,62.45,3,25,2024-11-15,UK
TXN00346,CUST078,PROD0005,Electronics,476.5,8,5,2024-12-25,USA
TXN00347,CUST248,PROD0338,Sports,156.6,1,15,2024-10-15,France
TXN00348,CUST009,PROD0272,Books,37.5,9,5,2023-01-13,USA
TXN00349,CUST221,PROD0413,Sports,283.12,3,0,2024-12-15,USA
TXN00350,CUST124,PROD0099,Sports,193.54,5,5,2023-06-02,Canada
TXN00351,CUST192,PROD0492,Books,23.27,10,0,2023-03-22,Japan
TXN00352,CUST042,PROD0335,Clothing,198.42,1,0,2023-11-04,Germany
TXN00353,CUST283,PROD0244,Books,7.53,1,0,2024-01-22,USA
TXN00354,CUST170,PROD0290,Books,48.98,2,15,2024-03-20,USA
TXN00355,CUST291,PROD0244,Clothing,61.51,2,25,2023-08-05,Canada
TXN00356,CUST017,PROD0092,Sports,280.05,6,0,2024-07-31,UK
TXN00357,CUST204,PROD0476,Sports,41.54,3,20,2023-05-28,UK
TXN00358,CUST277,PROD0170,Sports,127.48,3,0,2024-02-03,France
TXN00359,CUST051,PROD0224,Home,127.59,2,5,2023-02-24,France
TXN00360,CUST204,PROD0497,Sports,236.6,1,25,2024-09-01,Canada
TXN00361,CUST117,PROD0183,Books,29.89,7,10,2024-05-17,UK
TXN00362,CUST195,PROD0044,Sports,236.21,5,0,2024-11-07,Japan
TXN00363,CUST138,PROD0079,Electronics,791.0,3,10,2023-03-26,Canada
TXN00364,CUST047,PROD0003,Home,472.34,8,5,2023-04-20,Australia
TXN00365,CUST068,PROD0045,Home,105.89,8,15,2023-04-15,France
TXN00366,CUST053,PROD0014,Sports,45.09,9,0,2024-02-22,France
TXN00367,CUST198,PROD0007,Sports,101.72,7,0,2023-11-29,Japan
TXN00368,CUST293,PROD0267,Sports,67.48,7,0,2023-09-06,UK
TXN00369,CUST138,PROD0253,Home,85.78,3,10,2023-11-05,Canada
TXN00370,CUST248,PROD0401,Books,8.46,5,0,2023-11-03,Japan
TXN00371,CUST101,PROD0235,Books,9.81,5,0,2024-08-31,Germany
TXN00372,CUST195,PROD0412,Home,433.17,8,5,2024-09-27,Germany
TXN00373,CUST154,PROD0165,Sports,188.9,4,10,2023-05-20,Canada
TXN00374,CUST164,PROD0150,Clothing,149.63,8,20,2024-02-12,Australia
TXN00375,CUST193,PROD0144,Clothing,165.13,7,5,2023-11-30,USA
TXN00376,CUST280,PROD0093,Sports,210.88,9,0,2023-07-24,Japan
TXN00377,CUST108,PROD0225,Books,40.9,2,10,2024-12-26,Japan
TXN00378,CUST156,PROD0124,Books,16.37,3,10,2023-05-23,Australia
TXN00379,CUST230,PROD0307,Books,26.57,7,15,2023-03-17,France
TXN00380,CUST019,PROD0405,Books,48.58,9,20,2024-07-10,Japan
TXN00381,CUST128,PROD0337,Electronics,1346.15,3,25,2023-04-22,France
TXN00382,CUST205,PROD0496,Electronics,1517.73,7,0,2024-07-30,USA
TXN00383,CUST114,PROD0262,Electronics,1506.36,9,20,2023-09-22,Japan
TXN00384,CUST229,PROD0192,Sports,129.52,10,15,2023-08-15,UK
TXN00385,CUST248,PROD0054,Home,158.28,2,0,2023-01-26,Australia
TXN00386,CUST160,PROD0176,Clothing,96.51,4,15,2023-12-23,Germany
TXN00387,CUST050,PROD0225,Home,365.17,8,5,2024-05-02,USA
TXN00388,CUST059,PROD0012,Home,426.85,2,25,2023-02-15,Australia
TXN00389,CUST265,PROD0090,Clothing,114.86,6,15,2023-09-07,Germany
TXN00390,CUST208,PROD0323,Books,13.3,7,10,2023-08-26,USA
TXN00391,CUST231,PROD0304,Sports,140.27,1,0,2023-07-22,UK
TXN00392,CUST033,PROD0296,Home,64.35,9,0,2024-12-21,Canada
TXN00393,CUST235,PROD0059,Home,142.24,8,15,2023-07-21,Japan
TXN00394,CUST199,PROD0313,Home,205.38,2,5,2024-09-03,Canada
TXN00395,CUST089,PROD0417,Books,35.31,5,20,2024-09-24,France
TXN00396,CUST069,PROD0161,Electronics,279.83,5,0,2024-11-19,UK
TXN00397,CUST073,PROD0262,Home,203.4,10,0,2024-12-11,France
TXN00398,CUST096,PROD0250,Books,33.6,3,15,2024-03-09,UK
TXN00399,CUST072,PROD0096,Books,19.16,8,20,2023-10-23,USA
TXN00400,CUST249,PROD0070,Home,109.64,7,15,2023-01-10,France
TXN00401,CUST252,PROD0213,Books,36.96,8,10,2024-02-23,UK
TXN00402,CUST016,PROD0408,Electronics,1534.06,5,0,2024-08-01,Canada
TXN00403,CUST148,PROD0087,Clothing,158.34,10,10,2024-07-04,France
TXN00404,CUST294,PROD0059,Sports,95.01,9,5,2023-04-26,France
TXN00405,CUST280,PROD0112,Electronics,1980.06,2,25,2024-03-27,Australia
TXN00406,CUST017,PROD0231,Clothing,59.93,2,10,2023-11-01,Australia
TXN00407,CUST108,PROD0416,Electronics,1488.35,6,20,2023-08-31,Japan
TXN00408,CUST072,PROD0402,Books,14.3,4,0,2023-06-19,France
TXN00409,CUST144,PROD0306,Home,276.3,6,5,2024-06-29,Canada
TXN00410,CUST264,PROD0461,Sports,210.2,2,0,2023-10-01,Australia
TXN00411,CUST142,PROD0444,Books,34.52,3,0,2023-03-02,UK
TXN00412,CUST202,PROD0251,Home,83.95,5,25,2023-09-11,Germany
TXN00413,CUST039,PROD0325,Books,40.76,2,10,2024-04-07,France
TXN00414,CUST189,PROD0233,Home,475.87,6,20,2024-12-12,USA
TXN00415,CUST184,PROD0436,Electronics,173.49,9,10,2024-04-14,UK
TXN00416,CUST254,PROD0138,Books,19.53,5,5,2023-08-05,France
TXN00417,CUST290,PROD0437,Sports,155.89,6,25,2023-05-14,Australia
TXN00418,CUST051,PROD0321,Electronics,1578.59,8,0,2023-02-17,USA
TXN00419,CUST234,PROD0001,Clothing,198.45,7,0,2024-03-27,Japan
TXN00420,CUST155,PROD0082,Clothing,176.14,5,0,2024-10-27,Japan
TXN00421,CUST043,PROD0191,Home,337.29,3,0,2023-09-14,Germany
TXN00422,CUST120,PROD0220,Home,332.91,2,0,2024-12-17,UK
TXN00423,CUST068,PROD0304,Books,15.18,8,0,2023-03-21,USA
TXN00424,CUST217,PROD0356,Home,79.1,2,0,2023-05-04,Germany
TXN00425,CUST053,PROD0161,Electronics,766.75,5,0,2023-04-15,Germany
TXN00426,CUST074,PROD0036,Clothing,110.8,1,20,2024-10-18,Japan
TXN00427,CUST180,PROD0370,Clothing,50.48,3,10,2024-03-26,France
TXN00428,CUST045,PROD0460,Books,9.52,2,20,2023-08-11,Japan
TXN00429,CUST220,PROD0162,Books,40.6,4,5,2023-12-26,Japan
TXN00430,CUST284,PROD0308,Electronics,1220.02,10,5,2023-09-12,Australia
TXN00431,CUST155,PROD0106,Electronics,1059.61,9,0,2024-11-05,Japan
TXN00432,CUST028,PROD0402,Books,45.41,4,10,2023-10-30,Germany
TXN00433,CUST256,PROD0327,Electronics,1208.16,9,0,2023-09-04,Canada
TXN00434,CUST199,PROD0441,Home,421.9,7,5,2023-05-16,France
TXN00435,CUST038,PROD0009,Clothing,121.6,1,5,2024-04-27,UK
TXN00436,CUST204,PROD0260,Electronics,608.65,9,10,2023-03-03,Germany
TXN00437,CUST275,PROD0276,Books,32.72,5,0,2023-03-26,Canada
TXN00438,CUST105,PROD0499,Electronics,1625.72,9,5,2024-06-07,Germany
TXN00439,CUST034,PROD0159,Sports,215.63,4,0,2024-10-11,UK
TXN00440,CUST060,PROD0233,Electronics,1243.98,1,5,2024-03-20,Japan
TXN00441,CUST007,PROD0363,Clothing,36.07,1,0,2023-05-03,Germany
TXN00442,CUST265,PROD0401,Home,413.92,5,0,2024-06-19,Canada
TXN00443,CUST061,PROD0395,Clothing,180.98,6,10,2023-10-03,Canada
TXN00444,CUST135,PROD0365,Sports,293.01,2,10,2023-03-07,Germany
TXN00445,CUST029,PROD0256,Sports,260.62,3,5,2024-01-04,UK
TXN00446,CUST294,PROD0346,Home,365.55,4,15,2023-04-16,USA
TXN00447,CUST126,PROD0024,Electronics,969.94,7,0,2023-01-13,UK
TXN00448,CUST215,PROD0115,Electronics,677.51,7,5,2024-07-20,Canada
TXN00449,CUST191,PROD0062,Electronics,1028.98,1,0,2024-08-08,UK
TXN00450,CUST206,PROD0036,Sports,265.56,5,5,2023-02-17,Canada
TXN00451,CUST234,PROD0005,Electronics,769.39,5,20,2024-07-20,Australia
TXN00452,CUST125,PROD0238,Home,193.61,8,0,2024-09-29,Japan
TXN00453,CUST078,PROD0004,Sports,281.07,1,0,2023-09-09,France
TXN00454,CUST005,PROD0487,Home,177.48,7,5,2024-10-13,USA
TXN00455,CUST122,PROD0215,Clothing,103.49,1,0,2024-06-26,Japan
TXN00456,CUST023,PROD0472,Home,127.26,9,10,2023-04-06,Japan
TXN00457,CUST044,PROD0298,Home,61.35,3,25,2024-04-14,Australia
TXN00458,CUST291,PROD0032,Books,24.57,3,0,2023-03-18,Canada
TXN00459,CUST202,PROD0359,Home,418.47,6,5,2023-11-19,Germany
TXN00460,CUST039,PROD0484,Home,113.32,10,0,2023-08-28,UK
TXN00461,CUST231,PROD0239,Electronics,662.36,2,15,2023-06-18,Canada
TXN00462,CUST158,PROD0238,Clothing,60.35,2,0,2024-04-07,UK
TXN00463,CUST021,PROD0111,Home,420.42,6,0,2024-12-22,USA
TXN00464,CUST203,PROD0263,Clothing,19.3,5,5,2023-12-31,Australia
TXN00465,CUST208,PROD0438,Clothing,95.92,9,0,2023-02-01,USA
TXN00466,CUST072,PROD0063,Books,5.54,4,0,2023-04-15,UK
TXN00467,CUST044,PROD0299,Books,31.38,2,0,2024-01-17,USA
TXN00468,CUST228,PROD0415,Clothing,34.47,6,0,2024-10-23,USA
TXN00469,CUST087,PROD0474,Books,30.82,7,10,2023-02-21,USA
TXN00470,CUST219,PROD0089,Books,20.93,3,5,2024-11-30,Canada
TXN00471,CUST018,PROD0315,Books,32.86,4,25,2023-06-02,Canada
TXN00472,CUST282,PROD0246,Books,7.74,5,10,2024-02-26,UK
TXN00473,CUST270,PROD0128,Books,33.38,9,0,2023-07-24,Germany
TXN00474,CUST279,PROD0401,Home,250.07,10,15,2024-05-06,Canada
TXN00475,CUST093,PROD0014,Books,19.35,4,0,2023-10-04,Australia
TXN00476,CUST242,PROD0272,Home,188.35,10,0,2023-03-01,UK
TXN00477,CUST124,PROD0137,Electronics,1090.69,1,0,2023-09-11,France
TXN00478,CUST089,PROD0091,Books,15.64,6,5,2023-12-30,France
TXN00479,CUST181,PROD0486,Electronics,1156.92,3,20,2024-12-21,UK
TXN00480,CUST159,PROD0090,Books,27.07,2,0,2024-07-09,UK
TXN00481,CUST011,PROD0270,Sports,153.84,6,20,2023-08-13,UK
TXN00482,CUST091,PROD0471,Clothing,162.46,6,0,2023-12-15,USA
TXN00483,CUST073,PROD0397,Clothing,31.07,9,5,2024-08-23,USA
TXN00484,CUST203,PROD0301,Home,64.0,5,5,2024-12-22,UK
TXN00485,CUST250,PROD0333,Clothing,70.28,9,20,2024-03-23,Australia
TXN00486,CUST090,PROD0194,Home,163.81,5,0,2023-08-17,UK
TXN00487,CUST294,PROD0201,Electronics,1708.98,10,0,2024-12-19,UK
TXN00488,CUST114,PROD0328,Sports,178.35,8,0,2023-11-22,Canada
TXN00489,CUST178,PROD0164,Electronics,377.38,2,25,2023-09-01,Japan
TXN00490,CUST006,PROD0136,Home,116.7,2,5,2024-04-02,Canada
TXN00491,CUST025,PROD0198,Electronics,904.53,7,0,2023-01-02,Germany
TXN00492,CUST180,PROD0280,Books,21.89,8,20,2024-01-23,Japan
TXN00493,CUST232,PROD0038,Clothing,161.85,1,5,2023-06-16,USA
TXN00494,CUST054,PROD0038,Home,180.78,7,0,2023-09-25,Japan
TXN00495,CUST048,PROD0174,Electronics,1208.36,10,10,2024-07-14,Japan
TXN00496,CUST085,PROD0311,Electronics,1785.02,3,0,2024-03-17,USA
TXN00497,CUST098,PROD0210,Home,353.14,9,5,2023-07-30,Japan
TXN00498,CUST122,PROD0050,Home,39.07,10,15,2023-11-01,Australia
TXN00499,CUST028,PROD0185,Books,5.17,2,5,2023-06-07,Australia
TXN00500,CUST103,PROD0050,Sports,27.21,3,25,2024-05-06,Canada
TXN00501,CUST060,PROD0158,Electronics,1580.51,8,10,2024-04-29,Japan
TXN00502,CUST279,PROD0199,Home,104.67,7,5,2023-04-04,UK
TXN00503,CUST135,PROD0226,Books,25.93,4,5,2023-02-15,France
TXN00504,CUST050,PROD0044,Electronics,1352.88,9,10,2023-06-04,Australia
TXN00505,CUST284,PROD0032,Sports,255.42,9,10,2023-08-21,France
TXN00506,CUST121,PROD0244,Books,18.45,7,0,2024-08-09,France
TXN00507,CUST293,PROD0347,Sports,295.17,3,0,2024-06-13,Australia
TXN00508,CUST086,PROD0498,Books,14.54,4,0,2023-06-27,USA
TXN00509,CUST223,PROD0104,Books,49.88,3,20,2023-03-22,Canada
TXN00510,CUST045,PROD0199,Home,284.84,9,5,2023-03-10,Australia
TXN00511,CUST235,PROD0470,Home,438.63,10,20,2024-06-16,France
TXN00512,CUST213,PROD0077,Books,11.67,10,20,2023-04-26,Australia
TXN00513,CUST289,PROD0400,Electronics,246.93,5,15,2023-04-19,Canada
TXN00514,CUST197,PROD0336,Books,26.85,10,10,2023-09-28,USA
TXN00515,CUST207,PROD0074,Clothing,127.47,7,0,2023-10-10,Germany
TXN00516,CUST122,PROD0026,Home,376.69,5,5,2024-12-08,USA
TXN00517,CUST160,PROD0144,Home,423.78,2,0,2023-11-07,UK
TXN00518,CUST165,PROD0138,Home,368.47,10,25,2024-03-29,USA
TXN00519,CUST109,PROD0468,Clothing,166.55,8,15,2024-03-28,Australia
TXN00520,CUST264,PROD0406,Home,92.1,5,15,2023-02-27,Germany
TXN00521,CUST292,PROD0015,Clothing,43.01,4,0,2024-06-20,UK
TXN00522,CUST026,PROD0471,Electronics,752.73,4,5,2024-04-12,Canada
TXN00523,CUST204,PROD0326,Books,46.54,1,0,2024-06-01,Canada
TXN00524,CUST229,PROD0091,Books,48.22,8,20,2024-08-31,France
TXN00525,CUST084,PROD0429,Home,448.83,2,5,2023-12-19,USA
TXN00526,CUST084,PROD0438,Books,30.75,4,0,2023-02-20,Japan
TXN00527,CUST106,PROD0138,Clothing,133.8,9,0,2024-11-24,Australia
TXN00528,CUST068,PROD0332,Electronics,387.74,1,0,2024-04-30,Canada
TXN00529,CUST141,PROD0217,Sports,270.74,6,10,2023-11-09,Canada
TXN00530,CUST155,PROD0347,Clothing,108.92,10,10,2024-04-22,France
TXN00531,CUST262,PROD0340,Electronics,1934.65,6,15,2023-01-08,Japan
TXN00532,CUST145,PROD0153,Sports,211.64,8,0,2024-09-15,Canada
TXN00533,CUST167,PROD0442,Home,149.29,5,0,2024-10-17,UK
TXN00534,CUST030,PROD0413,Sports,260.05,10,10,2023-09-04,Japan
TXN00535,CUST072,PROD0370,Home,27.35,8,5,2024-11-28,Canada
TXN00536,CUST199,PROD0378,Books,6.59,10,0,2024-02-19,Canada
TXN00537,CUST274,PROD0327,Clothing,159.13,6,15,2024-12-03,Canada
TXN00538,CUST286,PROD0093,Clothing,65.82,8,0,2024-11-04,Japan
TXN00539,CUST094,PROD0485,Home,344.66,6,25,2024-07-26,USA
TXN00540,CUST115,PROD0382,Clothing,175.57,7,5,2023-12-30,Canada
TXN00541,CUST151,PROD0238,Home,427.84,8,0,2024-08-22,Australia
TXN00542,CUST037,PROD0242,Sports,269.04,9,0,2024-08-17,Australia
TXN00543,CUST153,PROD0212,Books,7.43,3,0,2024-06-26,UK
TXN00544,CUST292,PROD0458,Home,454.71,8,0,2024-02-24,Canada
TXN00545,CUST250,PROD0171,Clothing,129.9,3,5,2023-03-24,Japan
TXN00546,CUST232,PROD0141,Electronics,458.3,3,20,2023-01-05,Australia
TXN00547,CUST046,PROD0067,Clothing,126.75,7,10,2024-05-16,Germany
TXN00548,CUST003,PROD0020,Books,29.02,6,0,2024-01-28,Canada
TXN00549,CUST010,PROD0347,Sports,21.15,4,0,2023-07-15,Japan
TXN00550,CUST067,PROD0053,Home,201.02,10,5,2023-11-16,UK
TXN00551,CUST153,PROD0486,Electronics,617.11,9,20,2023-02-16,France
TXN00552,CUST069,PROD0176,Home,498.13,8,5,2024-03-20,Australia
TXN00553,CUST207,PROD0010,Clothing,53.4,3,0,2023-06-18,Japan
TXN00554,CUST259,PROD0087,Electronics,290.17,1,10,2024-08-26,Japan
TXN00555,CUST025,PROD0305,Home,497.42,2,25,2024-07-01,Australia
TXN00556,CUST060,PROD0214,Electronics,916.41,2,15,2023-02-19,Canada
TXN00557,CUST079,PROD0106,Books,36.28,1,5,2024-12-19,Germany
TXN00558,CUST267,PROD0139,Electronics,1264.46,3,10,2024-11-09,Australia
TXN00559,CUST061,PROD0145,Electronics,272.32,2,10,2024-06-07,UK
TXN00560,CUST135,PROD0426,Sports,166.48,4,5,2023-07-24,Japan
TXN00561,CUST083,PROD0021,Books,29.67,4,10,2023-10-30,Canada
TXN00562,CUST007,PROD0344,Clothing,26.91,2,20,2023-01-03,Japan
TXN00563,CUST047,PROD0400,Books,28.03,2,5,2023-06-02,Japan
TXN00564,CUST152,PROD0136,Clothing,98.21,2,0,2024-04-12,Australia
TXN00565,CUST185,PROD0411,Electronics,1369.69,7,0,2023-10-25,USA
TXN00566,CUST071,PROD0340,Electronics,1312.04,6,5,2023-01-10,Germany
TXN00567,CUST048,PROD0191,Sports,248.19,3,0,2023-10-02,Germany
TXN00568,CUST140,PROD0428,Books,22.36,8,10,2024-04-12,Japan
TXN00569,CUST068,PROD0357,Clothing,148.02,3,0,2023-04-26,Germany
TXN00570,CUST292,PROD0348,Sports,142.69,10,10,2024-05-09,Australia
TXN00571,CUST015,PROD0442,Home,346.97,3,10,2024-09-18,Germany
TXN00572,CUST226,PROD0024,Electronics,173.51,6,0,2024-02-26,Japan
TXN00573,CUST290,PROD0115,Sports,293.81,6,15,2024-08-13,France
TXN00574,CUST222,PROD0339,Sports,223.46,8,5,2023-04-08,Japan
TXN00575,CUST286,PROD0457,Books,49.45,1,0,2023-06-02,Japan
TXN00576,CUST241,PROD0437,Clothing,104.21,3,0,2024-06-01,Australia
TXN00577,CUST124,PROD0170,Books,48.66,1,15,2023-11-25,UK
TXN00578,CUST194,PROD0207,Sports,248.79,2,10,2024-10-20,Germany
TXN00579,CUST046,PROD0439,Sports,159.57,6,0,2024-04-03,Germany
TXN00580,CUST207,PROD0212,Electronics,119.87,9,0,2023-04-16,Australia
TXN00581,CUST156,PROD0456,Electronics,1041.26,4,25,2024-09-10,Japan
TXN00582,CUST187,PROD0423,Books,7.44,4,10,2023-12-16,Canada
TXN00583,CUST243,PROD0367,Sports,204.01,8,0,2024-09-26,USA
TXN00584,CUST175,PROD0182,Clothing,167.68,5,15,2023-01-03,France
TXN00585,CUST055,PROD0024,Home,449.99,8,0,2024-12-19,Australia
TXN00586,CUST131,PROD0313,Books,13.82,2,10,2023-04-20,UK
TXN00587,CUST174,PROD0056,Books,39.07,1,25,2023-07-15,Australia
TXN00588,CUST231,PROD0235,Sports,204.37,9,0,2023-05-07,Germany
TXN00589,CUST025,PROD0284,Electronics,1873.85,10,10,2024-06-27,France
TXN00590,CUST297,PROD0089,Clothing,148.79,3,0,2024-12-09,Germany
TXN00591,CUST165,PROD0259,Sports,266.79,7,20,2024-09-12,Japan
TXN00592,CUST204,PROD0494,Clothing,75.14,5,10,2023-10-08,Australia
TXN00593,CUST212,PROD0309,Clothing,143.0,9,5,2023-05-22,Australia
TXN00594,CUST284,PROD0324,Sports,80.86,4,20,2023-11-18,Japan
TXN00595,CUST177,PROD0472,Home,341.1,3,15,2024-12-04,France
TXN00596,CUST060,PROD0390,Home,185.84,8,20,2024-12-28,France
TXN00597,CUST274,PROD0147,Books,44.49,7,0,2024-11-21,France
TXN00598,CUST196,PROD0075,Electronics,153.48,1,0,2023-01-26,Canada
TXN00599,CUST129,PROD0075,Clothing,169.48,5,0,2023-10-21,Australia
TXN00600,CUST184,PROD0417,Sports,146.73,10,25,2023-02-03,Japan
TXN00601,CUST288,PROD0200,Sports,86.53,5,25,2023-08-18,USA
TXN00602,CUST214,PROD0490,Books,40.47,6,15,2024-02-01,USA
TXN00603,CUST104,PROD0318,Electronics,1744.26,8,0,2023-09-15,Japan
TXN00604,CUST280,PROD0379,Home,307.64,4,5,2024-08-25,Germany
TXN00605,CUST039,PROD0096,Clothing,192.87,9,0,2024-11-30,Germany
TXN00606,CUST143,PROD0285,Electronics,565.27,3,20,2024-03-14,Australia
TXN00607,CUST170,PROD0239,Home,359.2,3,0,2023-01-06,UK
TXN00608,CUST027,PROD0397,Home,467.21,10,25,2024-09-03,Canada
TXN00609,CUST282,PROD0184,Books,8.28,6,15,2024-08-09,UK
TXN00610,CUST035,PROD0403,Clothing,105.98,7,15,2024-06-17,France
TXN00611,CUST179,PROD0114,Books,44.75,6,5,2023-04-05,Canada
TXN00612,CUST272,PROD0244,Home,498.37,1,0,2023-08-12,Japan
TXN00613,CUST124,PROD0464,Home,326.5,10,0,2024-04-01,USA
TXN00614,CUST059,PROD0198,Home,139.45,5,0,2024-01-26,France
TXN00615,CUST261,PROD0229,Home,251.1,5,25,2024-06-10,UK
TXN00616,CUST043,PROD0486,Home,61.54,9,15,2024-06-10,USA
TXN00617,CUST110,PROD0443,Electronics,1386.54,2,0,2023-08-04,France
TXN00618,CUST037,PROD0383,Books,35.87,1,10,2024-10-24,Japan
TXN00619,CUST045,PROD0038,Home,41.32,5,15,2023-02-08,USA
TXN00620,CUST133,PROD0209,Sports,128.65,7,10,2023-08-22,Canada
TXN00621,CUST061,PROD0274,Electronics,61.5,10,0,2024-02-03,Australia
TXN00622,CUST038,PROD0184,Sports,279.85,2,5,2023-02-16,Australia
TXN00623,CUST045,PROD0145,Home,386.16,8,10,2024-09-13,Germany
TXN00624,CUST081,PROD0274,Electronics,478.74,7,15,2024-04-30,Canada
TXN00625,CUST192,PROD0491,Clothing,190.4,9,15,2023-11-02,UK
TXN00626,CUST003,PROD0294,Electronics,1213.48,9,15,2023-02-12,USA
TXN00627,CUST177,PROD0109,Home,215.14,9,0,2023-08-04,UK
TXN00628,CUST130,PROD0100,Clothing,31.78,10,0,2023-08-15,Australia
TXN00629,CUST282,PROD0038,Sports,101.38,2,5,2024-04-17,USA
TXN00630,CUST250,PROD0488,Clothing,72.86,3,25,2024-08-17,Japan
TXN00631,CUST146,PROD0318,Clothing,23.26,4,5,2023-04-13,Germany
TXN00632,CUST157,PROD0356,Books,31.29,10,20,2023-12-03,Canada
TXN00633,CUST087,PROD0003,Home,166.91,4,25,2024-03-14,Germany
TXN00634,CUST069,PROD0348,Home,370.49,8,10,2024-01-04,Germany
TXN00635,CUST250,PROD0283,Home,67.78,10,0,2023-11-09,Australia
TXN00636,CUST276,PROD0101,Home,142.67,2,0,2023-05-24,USA
TXN00637,CUST016,PROD0417,Sports,182.93,7,20,2024-10-08,UK
TXN00638,CUST134,PROD0279,Electronics,1793.27,9,10,2024-07-18,Japan
TXN00639,CUST201,PROD0115,Clothing,179.37,10,5,2024-01-10,UK
TXN00640,CUST262,PROD0047,Books,22.86,9,0,2024-05-28,Japan
TXN00641,CUST085,PROD0388,Clothing,107.69,8,0,2024-09-20,UK
TXN00642,CUST075,PROD0377,Sports,224.96,6,0,2024-08-02,UK
TXN00643,CUST033,PROD0136,Books,21.62,1,25,2023-08-26,UK
TXN00644,CUST199,PROD0241,Sports,277.01,1,0,2024-01-05,Japan
TXN00645,CUST267,PROD0325,Home,417.38,5,20,2023-04-16,France
TXN00646,CUST193,PROD0335,Sports,125.99,10,25,2023-06-28,Australia
TXN00647,CUST129,PROD0193,Electronics,1946.71,4,15,2024-06-13,Germany
TXN00648,CUST250,PROD0406,Home,248.82,10,0,2023-12-20,France
TXN00649,CUST085,PROD0118,Clothing,24.65,5,0,2024-03-26,UK
TXN00650,CUST186,PROD0309,Clothing,146.29,2,25,2023-06-11,UK
TXN00651,CUST059,PROD0247,Books,35.39,8,0,2023-12-05,France
TXN00652,CUST211,PROD0012,Clothing,56.3,3,20,2024-10-24,France
TXN00653,CUST263,PROD0021,Clothing,179.25,3,0,2023-05-18,UK
TXN00654,CUST265,PROD0491,Home,211.65,10,25,2023-07-04,USA
TXN00655,CUST111,PROD0230,Home,309.17,8,10,2023-03-29,UK
TXN00656,CUST074,PROD0407,Clothing,120.7,3,20,2024-02-25,Japan
TXN00657,CUST086,PROD0371,Sports,211.97,8,20,2023-09-28,France
TXN00658,CUST194,PROD0198,Electronics,307.82,1,0,2023-08-24,France
TXN00659,CUST215,PROD0424,Sports,61.88,2,0,2024-12-01,Germany
TXN00660,CUST020,PROD0450,Sports,239.48,9,0,2024-09-06,USA
TXN00661,CUST067,PROD0462,Books,32.16,1,25,2024-11-06,Japan
TXN00662,CUST216,PROD0190,Books,44.37,9,10,2024-06-18,UK
TXN00663,CUST180,PROD0302,Books,41.21,10,0,2024-01-26,Germany
TXN00664,CUST245,PROD0393,Clothing,54.18,2,5,2023-09-18,France
TXN00665,CUST132,PROD0097,Sports,21.53,1,20,2024-02-23,France
TXN00666,CUST004,PROD0193,Electronics,1326.36,6,10,2024-06-16,Canada
TXN00667,CUST219,PROD0334,Electronics,1191.47,5,15,2023-06-08,Germany
TXN00668,CUST142,PROD0349,Sports,131.29,4,10,2024-01-10,France
TXN00669,CUST092,PROD0190,Sports,176.55,8,5,2024-05-09,Canada
TXN00670,CUST204,PROD0377,Sports,58.66,2,0,2023-12-19,Germany
TXN00671,CUST110,PROD0261,Clothing,86.11,6,15,2023-04-13,France
TXN00672,CUST200,PROD0494,Electronics,1289.96,2,0,2023-06-14,Germany
TXN00673,CUST046,PROD0033,Sports,93.67,6,0,2024-03-21,France
TXN00674,CUST206,PROD0315,Electronics,1329.54,5,20,2024-01-29,USA
TXN00675,CUST254,PROD0225,Clothing,12.03,9,5,2024-10-17,UK
TXN00676,CUST262,PROD0265,Electronics,1411.98,10,0,2024-09-05,Japan
TXN00677,CUST123,PROD0336,Electronics,50.56,3,0,2024-01-04,Canada
TXN00678,CUST203,PROD0208,Books,31.37,9,0,2023-12-28,Japan
TXN00679,CUST282,PROD0146,Electronics,1465.97,9,20,2023-04-03,Canada
TXN00680,CUST116,PROD0311,Home,482.08,8,10,2023-10-11,France
TXN00681,CUST090,PROD0209,Electronics,1037.16,9,0,2023-09-25,France
TXN00682,CUST060,PROD0412,Home,263.94,5,15,2023-12-15,Australia
TXN00683,CUST227,PROD0495,Sports,125.58,8,0,2023-09-14,Australia
TXN00684,CUST236,PROD0460,Home,299.61,1,10,2024-04-14,USA
TXN00685,CUST196,PROD0325,Home,397.5,4,25,2023-03-11,Japan
TXN00686,CUST212,PROD0490,Clothing,77.09,9,0,2023-11-20,Japan
TXN00687,CUST148,PROD0048,Home,208.48,6,0,2023-09-12,France
TXN00688,CUST161,PROD0182,Clothing,51.53,10,5,2024-05-02,UK
TXN00689,CUST103,PROD0121,Clothing,149.73,5,0,2024-05-25,UK
TXN00690,CUST183,PROD0080,Clothing,158.0,2,0,2023-09-13,Japan
TXN00691,CUST004,PROD0392,Books,43.57,1,10,2024-09-20,Canada
TXN00692,CUST253,PROD0460,Sports,295.9,10,5,2023-11-19,Germany
TXN00693,CUST144,PROD0204,Clothing,52.2,10,0,2024-06-07,USA
TXN00694,CUST245,PROD0482,Sports,171.42,9,5,2024-03-09,Germany
TXN00695,CUST062,PROD0358,Clothing,108.46,6,0,2024-04-13,USA
TXN00696,CUST298,PROD0052,Clothing,71.83,10,5,2024-01-24,UK
TXN00697,CUST122,PROD0138,Sports,151.98,10,5,2023-09-27,Canada
TXN00698,CUST218,PROD0108,Clothing,89.63,6,5,2024-05-25,Australia
TXN00699,CUST231,PROD0093,Books,30.71,10,25,2023-10-14,UK
TXN00700,CUST121,PROD0285,Electronics,892.83,7,0,2023-10-04,UK
TXN00701,CUST005,PROD0091,Clothing,90.09,3,25,2024-04-29,France
TXN00702,CUST250,PROD0154,Sports,90.27,10,0,2023-11-20,Germany
TXN00703,CUST084,PROD0031,Electronics,470.16,5,10,2024-12-08,Australia
TXN00704,CUST172,PROD0134,Electronics,753.88,9,15,2024-04-05,Australia
TXN00705,CUST011,PROD0211,Home,73.8,10,0,2023-12-19,France
TXN00706,CUST276,PROD0090,Sports,294.22,5,5,2024-10-27,Canada
TXN00707,CUST229,PROD0456,Sports,41.95,10,5,2024-05-14,Germany
TXN00708,CUST173,PROD0216,Clothing,129.94,10,10,2023-06-21,Australia
TXN00709,CUST083,PROD0176,Electronics,495.02,6,25,2023-03-23,Canada
TXN00710,CUST203,PROD0139,Home,445.53,6,20,2024-09-11,France
TXN00711,CUST086,PROD0095,Books,43.44,3,0,2024-02-28,Japan
TXN00712,CUST041,PROD0108,Home,95.95,2,0,2024-12-18,USA
TXN00713,CUST028,PROD0014,Books,39.69,9,0,2024-07-15,USA
TXN00714,CUST080,PROD0044,Home,332.59,7,5,2024-09-24,UK
TXN00715,CUST227,PROD0321,Clothing,34.02,9,0,2023-10-18,USA
TXN00716,CUST183,PROD0441,Electronics,1834.78,8,10,2024-11-10,Australia
TXN00717,CUST281,PROD0228,Sports,57.83,9,0,2023-10-06,France
TXN00718,CUST289,PROD0223,Sports,166.57,9,5,2024-04-12,Canada
TXN00719,CUST117,PROD0413,Books,9.03,5,5,2024-07-06,Germany
TXN00720,CUST156,PROD0006,Home,15.04,3,5,2023-06-09,Canada
TXN00721,CUST005,PROD0353,Books,46.49,8,5,2024-07-01,USA
TXN00722,CUST119,PROD0408,Books,5.32,6,0,2023-10-27,Germany
TXN00723,CUST203,PROD0128,Sports,65.72,7,10,2024-03-23,UK
TXN00724,CUST217,PROD0321,Home,131.19,10,25,2023-03-23,Canada
TXN00725,CUST273,PROD0415,Home,145.38,4,0,2024-10-26,UK
TXN00726,CUST057,PROD0327,Clothing,96.52,8,5,2023-10-24,Japan
TXN00727,CUST097,PROD0165,Sports,25.43,1,15,2024-05-18,USA
TXN00728,CUST145,PROD0138,Clothing,33.76,8,0,2023-04-15,UK
TXN00729,CUST008,PROD0253,Electronics,473.52,7,5,2023-06-04,Australia
TXN00730,CUST238,PROD0357,Books,40.61,6,0,2024-01-16,Australia
TXN00731,CUST137,PROD0398,Clothing,84.56,9,10,2023-02-27,UK
TXN00732,CUST196,PROD0425,Clothing,12.4,4,10,2023-09-14,Australia
TXN00733,CUST018,PROD0102,Books,25.74,2,15,2023-09-11,Japan
TXN00734,CUST200,PROD0349,Clothing,192.63,6,0,2024-04-29,Japan
TXN00735,CUST267,PROD0063,Electronics,543.96,5,0,2024-07-16,Canada
TXN00736,CUST112,PROD0499,Electronics,270.21,7,5,2024-11-13,USA
TXN00737,CUST300,PROD0062,Clothing,85.2,4,0,2023-10-10,USA
TXN00738,CUST244,PROD0353,Sports,186.94,6,0,2024-12-08,UK
TXN00739,CUST047,PROD0352,Clothing,127.54,1,0,2024-05-26,Canada
TXN00740,CUST275,PROD0406,Clothing,30.4,8,0,2024-12-19,Canada
TXN00741,CUST178,PROD0413,Sports,269.7,4,0,2024-10-22,Japan
TXN00742,CUST069,PROD0129,Books,45.44,8,10,2024-01-02,France
TXN00743,CUST251,PROD0098,Home,289.85,9,5,2024-07-09,Canada
TXN00744,CUST284,PROD0083,Books,8.1,3,10,2023-10-09,Canada
TXN00745,CUST188,PROD0233,Home,15.35,9,10,2024-07-08,Japan
TXN00746,CUST187,PROD0398,Clothing,127.84,6,0,2023-01-20,Japan
TXN00747,CUST098,PROD0269,Sports,211.3,9,0,2024-02-01,France
TXN00748,CUST210,PROD0329,Home,171.18,2,15,2023-11-27,Japan
TXN00749,CUST067,PROD0092,Electronics,1753.31,4,0,2023-02-14,Germany
TXN00750,CUST017,PROD0293,Clothing,131.93,7,25,2023-04-12,Germany
TXN00751,CUST132,PROD0026,Sports,122.58,10,0,2024-09-30,USA
TXN00752,CUST252,PROD0476,Clothing,179.06,2,10,2024-11-02,Australia
TXN00753,CUST286,PROD0381,Electronics,1879.58,7,5,2024-01-05,Australia
TXN00754,CUST137,PROD0271,Electronics,129.27,2,5,2024-09-23,USA
TXN00755,CUST050,PROD0052,Clothing,147.78,9,10,2024-06-15,UK
TXN00756,CUST128,PROD0292,Clothing,128.81,3,15,2024-06-22,Japan
TXN00757,CUST055,PROD0393,Sports,198.81,6,25,2024-03-01,Germany
TXN00758,CUST086,PROD0406,Books,13.12,7,15,2023-04-17,Canada
TXN00759,CUST227,PROD0478,Clothing,76.94,6,15,2024-06-30,Canada
TXN00760,CUST221,PROD0423,Home,367.05,10,0,2024-02-27,France
TXN00761,CUST193,PROD0393,Sports,174.07,5,5,2023-08-08,Germany
TXN00762,CUST001,PROD0372,Books,6.56,5,20,2024-02-11,USA
TXN00763,CUST155,PROD0004,Sports,104.09,4,0,2023-05-19,Australia
TXN00764,CUST142,PROD0471,Home,283.53,9,20,2023-01-23,France
TXN00765,CUST020,PROD0236,Clothing,77.57,3,5,2023-04-07,Canada
TXN00766,CUST120,PROD0132,Sports,247.1,2,20,2023-09-13,Germany
TXN00767,CUST040,PROD0371,Sports,110.91,8,0,2023-08-11,Germany
TXN00768,CUST154,PROD0020,Sports,224.62,10,10,2023-04-08,USA
TXN00769,CUST179,PROD0451,Electronics,1643.43,7,0,2023-12-09,Australia
TXN00770,CUST006,PROD0325,Clothing,157.71,7,0,2024-10-30,Canada
TXN00771,CUST164,PROD0277,Sports,178.18,6,15,2023-02-12,Japan
TXN00772,CUST026,PROD0345,Clothing,149.0,7,10,2023-06-06,Australia
TXN00773,CUST259,PROD0047,Sports,82.18,5,10,2024-08-12,UK
TXN00774,CUST043,PROD0244,Clothing,118.57,1,15,2023-12-11,Germany
TXN00775,CUST205,PROD0257,Home,225.73,3,0,2023-03-29,Germany
TXN00776,CUST250,PROD0203,Sports,202.63,4,15,2023-07-22,France
TXN00777,CUST125,PROD0037,Sports,94.55,7,5,2023-09-10,Japan
TXN00778,CUST058,PROD0344,Sports,135.8,6,5,2023-04-02,UK
TXN00779,CUST013,PROD0395,Home,162.84,6,20,2023-12-19,Australia
TXN00780,CUST075,PROD0226,Books,7.02,4,0,2024-09-30,Japan
TXN00781,CUST044,PROD0058,Home,373.7,4,20,2023-06-09,UK
TXN00782,CUST176,PROD0356,Home,405.08,5,10,2023-01-15,Germany
TXN00783,CUST108,PROD0379,Electronics,1099.11,4,15,2023-12-06,France
TXN00784,CUST248,PROD0319,Home,369.01,3,25,2024-07-15,USA
TXN00785,CUST270,PROD0023,Books,16.5,1,5,2024-08-19,UK
TXN00786,CUST028,PROD0239,Sports,203.33,1,0,2023-10-05,Germany
TXN00787,CUST185,PROD0443,Home,67.33,5,25,2024-11-09,Germany
TXN00788,CUST261,PROD0364,Clothing,28.92,6,10,2024-01-25,Australia
TXN00789,CUST046,PROD0096,Sports,75.69,8,15,2024-06-28,Japan
TXN00790,CUST127,PROD0473,Electronics,1082.36,6,10,2023-02-10,Germany
TXN00791,CUST178,PROD0351,Clothing,76.86,5,0,2023-01-19,France
TXN00792,CUST132,PROD0450,Home,202.78,1,15,2023-03-05,Canada
TXN00793,CUST175,PROD0460,Clothing,84.64,3,0,2023-06-05,Japan
TXN00794,CUST117,PROD0214,Books,15.82,3,10,2024-06-17,Canada
TXN00795,CUST230,PROD0278,Sports,56.9,3,20,2023-12-04,France
TXN00796,CUST159,PROD0353,Clothing,143.98,9,0,2023-05-22,Germany
TXN00797,CUST290,PROD0470,Clothing,40.03,2,15,2024-11-02,France
TXN00798,CUST163,PROD0430,Electronics,1765.29,1,5,2023-07-08,Germany
TXN00799,CUST227,PROD0382,Books,47.02,5,0,2023-11-07,Australia
TXN00800,CUST068,PROD0095,Clothing,14.98,10,20,2023-04-20,Canada
TXN00801,CUST119,PROD0306,Sports,85.01,1,5,2024-08-03,USA
TXN00802,CUST258,PROD0434,Books,32.21,6,0,2023-05-18,Australia
TXN00803,CUST243,PROD0071,Books,12.37,4,0,2024-05-18,Germany
TXN00804,CUST212,PROD0114,Electronics,1497.61,4,0,2023-10-04,USA
TXN00805,CUST251,PROD0353,Clothing,71.73,8,0,2024-03-25,Germany
TXN00806,CUST195,PROD0369,Books,19.08,10,20,2023-02-12,France
TXN00807,CUST020,PROD0267,Sports,50.61,8,0,2024-06-21,UK
TXN00808,CUST203,PROD0377,Sports,30.99,7,15,2024-07-04,Australia
TXN00809,CUST150,PROD0226,Electronics,826.18,5,5,2023-07-14,Germany
TXN00810,CUST151,PROD0314,Clothing,184.62,9,0,2024-03-08,Germany
TXN00811,CUST257,PROD0058,Books,13.09,10,15,2023-04-03,UK
TXN00812,CUST166,PROD0231,Books,6.12,8,20,2024-02-28,Japan
TXN00813,CUST047,PROD0129,Clothing,71.57,3,0,2024-04-10,USA
TXN00814,CUST231,PROD0325,Electronics,757.74,9,10,2024-12-24,Japan
TXN00815,CUST082,PROD0194,Sports,174.1,1,0,2024-09-18,Canada
TXN00816,CUST077,PROD0084,Sports,263.27,3,0,2024-11-06,Germany
TXN00817,CUST229,PROD0148,Home,318.83,2,0,2023-11-13,UK
TXN00818,CUST130,PROD0007,Electronics,944.35,8,15,2024-09-29,Australia
TXN00819,CUST253,PROD0122,Electronics,472.9,8,10,2024-09-14,Germany
TXN00820,CUST004,PROD0126,Books,44.7,5,20,2023-03-23,Japan
TXN00821,CUST026,PROD0095,Sports,61.51,6,0,2023-08-01,UK
TXN00822,CUST296,PROD0430,Electronics,1226.41,6,0,2024-11-14,USA
TXN00823,CUST092,PROD0083,Electronics,1360.58,10,25,2024-03-02,Japan
TXN00824,CUST288,PROD0091,Sports,290.56,10,5,2024-08-09,USA
TXN00825,CUST166,PROD0189,Electronics,1800.18,2,10,2023-11-03,Australia
TXN00826,CUST150,PROD0242,Sports,57.67,5,5,2023-03-08,France
TXN00827,CUST108,PROD0357,Books,14.41,1,0,2024-06-21,France
TXN00828,CUST248,PROD0371,Sports,212.82,5,10,2023-03-31,France
TXN00829,CUST270,PROD0295,Home,497.59,6,0,2023-09-23,France
TXN00830,CUST267,PROD0374,Sports,196.92,8,0,2024-05-23,France
TXN00831,CUST149,PROD0100,Clothing,10.3,1,10,2024-12-26,Japan
TXN00832,CUST213,PROD0212,Electronics,138.71,6,15,2023-08-01,Australia
TXN00833,CUST104,PROD0354,Clothing,63.51,2,5,2023-01-12,Canada
TXN00834,CUST166,PROD0393,Sports,21.72,6,5,2024-07-17,Germany
TXN00835,CUST015,PROD0427,Sports,69.18,6,5,2024-09-22,Japan
TXN00836,CUST019,PROD0331,Books,11.11,3,25,2024-04-30,Germany
TXN00837,CUST237,PROD0402,Sports,247.97,1,15,2023-12-10,Canada
TXN00838,CUST162,PROD0285,Sports,170.05,4,20,2024-11-25,Japan
TXN00839,CUST034,PROD0497,Home,87.41,1,5,2023-12-29,Germany
TXN00840,CUST293,PROD0311,Sports,129.08,10,0,2023-06-19,Australia
TXN00841,CUST162,PROD0364,Home,30.34,7,0,2024-12-23,Germany
TXN00842,CUST232,PROD0425,Clothing,190.64,4,15,2024-01-16,Canada
TXN00843,CUST192,PROD0402,Clothing,17.11,4,0,2023-04-25,Germany
TXN00844,CUST248,PROD0464,Sports,160.02,4,5,2023-01-26,Germany
TXN00845,CUST168,PROD0074,Sports,235.45,2,15,2023-11-14,Japan
TXN00846,CUST019,PROD0236,Clothing,83.64,9,0,2023-07-30,USA
TXN00847,CUST045,PROD0171,Home,241.43,1,0,2023-02-15,France
TXN00848,CUST296,PROD0389,Home,166.39,4,5,2023-01-24,UK
TXN00849,CUST142,PROD0273,Clothing,70.64,8,25,2023-10-21,USA
TXN00850,CUST081,PROD0141,Home,70.51,10,15,2023-06-02,France
TXN00851,CUST278,PROD0180,Electronics,1121.26,5,0,2023-07-31,Japan
TXN00852,CUST126,PROD0088,Home,49.55,10,5,2024-08-10,France
TXN00853,CUST067,PROD0015,Books,26.18,1,0,2023-02-21,Germany
TXN00854,CUST219,PROD0201,Electronics,399.02,10,20,2023-03-30,Japan
TXN00855,CUST183,PROD0160,Books,19.95,4,25,2024-09-23,Australia
TXN00856,CUST239,PROD0291,Sports,56.9,8,0,2023-03-22,Germany
TXN00857,CUST239,PROD0241,Home,127.37,4,0,2024-12-01,Australia
TXN00858,CUST187,PROD0201,Sports,71.34,6,5,2023-09-22,Germany
TXN00859,CUST034,PROD0244,Books,10.08,8,10,2023-01-31,Australia
TXN00860,CUST179,PROD0310,Clothing,119.19,9,0,2023-10-17,Germany
TXN00861,CUST285,PROD0333,Electronics,188.3,5,15,2023-11-30,Germany
TXN00862,CUST212,PROD0123,Books,32.94,9,0,2024-08-27,Germany
TXN00863,CUST175,PROD0107,Books,41.63,10,10,2023-03-09,Australia
TXN00864,CUST176,PROD0279,Books,36.24,3,25,2024-08-03,Japan
TXN00865,CUST294,PROD0429,Electronics,998.93,10,20,2024-12-29,Germany
TXN00866,CUST050,PROD0421,Home,230.93,5,10,2024-07-22,USA
TXN00867,CUST195,PROD0168,Sports,158.4,1,0,2023-04-22,UK
TXN00868,CUST001,PROD0388,Clothing,37.88,3,10,2024-08-17,France
TXN00869,CUST296,PROD0229,Home,109.9,6,5,2024-02-04,France
TXN00870,CUST177,PROD0046,Home,297.62,10,15,2024-03-21,Germany
TXN00871,CUST032,PROD0190,Clothing,181.2,1,0,2023-10-29,Japan
TXN00872,CUST057,PROD0441,Sports,99.02,1,0,2024-01-03,Germany
TXN00873,CUST163,PROD0365,Sports,127.18,7,10,2024-02-08,France
TXN00874,CUST089,PROD0244,Clothing,36.42,9,10,2024-11-09,Australia
TXN00875,CUST079,PROD0148,Home,498.77,3,0,2024-03-03,USA
TXN00876,CUST009,PROD0074,Electronics,1456.61,8,25,2024-10-25,Germany
TXN00877,CUST071,PROD0329,Clothing,163.13,8,20,2023-03-28,Germany
TXN00878,CUST233,PROD0261,Sports,138.75,8,10,2023-07-04,Canada
TXN00879,CUST218,PROD0310,Clothing,11.41,8,0,2023-07-10,Japan
TXN00880,CUST211,PROD0475,Sports,172.93,6,0,2023-10-03,USA
TXN00881,CUST189,PROD0058,Sports,182.48,2,0,2024-05-09,Japan
TXN00882,CUST239,PROD0265,Sports,41.91,10,0,2023-10-14,UK
TXN00883,CUST040,PROD0351,Books,33.52,10,5,2024-10-07,France
TXN00884,CUST274,PROD0399,Electronics,71.03,8,15,2023-12-18,Germany
TXN00885,CUST216,PROD0181,Sports,288.96,5,5,2023-12-06,UK
TXN00886,CUST156,PROD0373,Electronics,1580.79,5,0,2024-12-12,Japan
TXN00887,CUST087,PROD0294,Books,7.32,5,20,2024-08-15,USA
TXN00888,CUST043,PROD0065,Home,260.21,5,5,2024-05-11,UK
TXN00889,CUST141,PROD0440,Sports,91.95,2,20,2023-10-15,UK
TXN00890,CUST229,PROD0190,Sports,246.2,5,0,2023-06-04,Germany
TXN00891,CUST017,PROD0176,Clothing,196.97,3,20,2024-06-24,Australia
TXN00892,CUST212,PROD0395,Clothing,82.8,8,25,2024-05-22,UK
TXN00893,CUST177,PROD0028,Clothing,132.03,2,0,2024-08-14,UK
TXN00894,CUST244,PROD0155,Books,26.43,9,0,2024-02-13,Germany
TXN00895,CUST135,PROD0075,Books,28.87,7,0,2024-04-30,Canada
TXN00896,CUST162,PROD0493,Books,28.86,1,0,2024-01-27,France
TXN00897,CUST140,PROD0172,Home,146.11,2,5,2024-03-18,Japan
TXN00898,CUST237,PROD0396,Sports,209.08,4,25,2024-02-05,France
TXN00899,CUST173,PROD0347,Clothing,141.15,3,5,2024-06-16,France
TXN00900,CUST005,PROD0426,Electronics,182.51,7,0,2024-11-19,France
TXN00901,CUST229,PROD0180,Electronics,477.86,5,5,2024-12-02,UK
TXN00902,CUST048,PROD0030,Electronics,1880.09,4,20,2023-01-25,Japan
TXN00903,CUST062,PROD0045,Electronics,1720.06,3,10,2024-12-26,Japan
TXN00904,CUST057,PROD0357,Sports,71.59,5,10,2023-07-09,Japan
TXN00905,CUST233,PROD0473,Electronics,1990.73,7,25,2024-10-16,Australia
TXN00906,CUST083,PROD0400,Home,50.89,1,10,2023-09-21,Germany
TXN00907,CUST133,PROD0490,Home,409.21,3,10,2023-03-03,USA
TXN00908,CUST202,PROD0092,Books,34.05,2,0,2023-07-25,France
TXN00909,CUST055,PROD0468,Books,24.87,5,0,2023-08-12,USA
TXN00910,CUST293,PROD0373,Electronics,538.66,8,0,2023-03-14,Germany
TXN00911,CUST001,PROD0478,Clothing,17.19,7,5,2024-10-30,UK
TXN00912,CUST295,PROD0002,Home,264.96,8,10,2024-02-05,Germany
TXN00913,CUST277,PROD0116,Books,5.15,8,0,2023-03-13,France
TXN00914,CUST171,PROD0350,Sports,104.79,1,25,2024-01-03,Japan
TXN00915,CUST274,PROD0437,Electronics,1923.8,2,10,2024-01-10,Australia
TXN00916,CUST104,PROD0091,Home,283.92,7,25,2024-10-25,UK
TXN00917,CUST200,PROD0459,Home,66.78,6,10,2024-12-13,USA
TXN00918,CUST072,PROD0019,Books,13.69,10,0,2023-07-14,Germany
TXN00919,CUST277,PROD0330,Books,18.85,9,10,2023-03-06,USA
TXN00920,CUST029,PROD0173,Electronics,1586.17,1,10,2023-12-14,USA
TXN00921,CUST268,PROD0235,Clothing,188.62,9,0,2024-10-31,Japan
TXN00922,CUST037,PROD0019,Sports,225.93,8,25,2023-08-27,USA
TXN00923,CUST024,PROD0125,Books,36.56,3,0,2024-09-25,UK
TXN00924,CUST050,PROD0234,Electronics,1241.89,10,0,2023-11-11,Australia
TXN00925,CUST255,PROD0305,Electronics,1608.39,4,0,2023-04-27,Australia
TXN00926,CUST173,PROD0416,Clothing,168.82,7,5,2024-03-12,USA
TXN00927,CUST071,PROD0165,Sports,254.2,4,0,2024-07-12,France
TXN00928,CUST033,PROD0062,Clothing,62.04,7,0,2023-12-10,Japan
TXN00929,CUST085,PROD0225,Home,133.17,10,0,2024-07-20,UK
TXN00930,CUST193,PROD0399,Electronics,357.62,8,0,2024-10-09,USA
TXN00931,CUST046,PROD0362,Electronics,1320.92,5,10,2023-07-03,Japan
TXN00932,CUST065,PROD0106,Books,11.44,5,15,2024-12-09,Germany
TXN00933,CUST090,PROD0313,Books,36.13,10,0,2023-09-02,Japan
TXN00934,CUST046,PROD0322,Books,42.19,5,5,2024-09-18,Germany
TXN00935,CUST121,PROD0099,Electronics,279.14,9,0,2024-07-25,France
TXN00936,CUST260,PROD0113,Home,240.14,4,5,2024-07-06,USA
TXN00937,CUST077,PROD0351,Clothing,170.32,8,10,2023-04-26,UK
TXN00938,CUST023,PROD0028,Clothing,132.52,5,0,2024-11-17,Germany
TXN00939,CUST233,PROD0023,Home,65.64,1,15,2023-12-09,UK
TXN00940,CUST249,PROD0264,Clothing,32.05,4,10,2023-01-30,France
TXN00941,CUST215,PROD0102,Sports,229.18,6,0,2023-11-30,Australia
TXN00942,CUST117,PROD0051,Electronics,512.38,7,0,2023-11-30,Germany
TXN00943,CUST242,PROD0300,Clothing,102.04,7,0,2023-03-17,UK
TXN00944,CUST092,PROD0199,Sports,124.58,8,0,2024-04-10,Japan
TXN00945,CUST104,PROD0172,Home,76.7,10,0,2023-10-04,Canada
TXN00946,CUST239,PROD0235,Clothing,89.46,6,0,2023-04-24,Canada
TXN00947,CUST088,PROD0296,Sports,291.64,4,0,2023-06-10,Germany
TXN00948,CUST111,PROD0303,Sports,152.58,8,5,2024-05-15,USA
TXN00949,CUST127,PROD0168,Books,24.54,4,20,2023-09-10,UK
TXN00950,CUST214,PROD0023,Sports,31.22,8,15,2023-01-06,USA
TXN00951,CUST202,PROD0246,Books,41.44,2,10,2024-06-27,Germany
TXN00952,CUST286,PROD0386,Clothing,12.36,7,0,2023-03-27,UK
TXN00953,CUST123,PROD0332,Home,499.49,1,10,2023-10-30,Japan
TXN00954,CUST236,PROD0440,Home,291.63,10,0,2023-06-15,Germany
TXN00955,CUST208,PROD0095,Books,40.54,6,25,2023-05-22,Germany
TXN00956,CUST037,PROD0198,Electronics,1792.2,6,15,2024-10-04,USA
TXN00957,CUST139,PROD0358,Home,473.86,9,20,2024-03-12,Australia
TXN00958,CUST042,PROD0318,Clothing,177.36,1,15,2024-12-02,Japan
TXN00959,CUST057,PROD0197,Home,192.31,10,0,2023-02-22,Canada
TXN00960,CUST287,PROD0361,Home,47.5,4,0,2023-06-29,Canada
TXN00961,CUST059,PROD0333,Clothing,100.91,10,0,2024-07-06,Australia
TXN00962,CUST181,PROD0460,Clothing,60.8,7,5,2023-11-25,USA
TXN00963,CUST177,PROD0232,Electronics,998.14,9,0,2024-01-17,Germany
TXN00964,CUST273,PROD0461,Sports,101.83,10,5,2024-11-25,Australia
TXN00965,CUST235,PROD0045,Electronics,206.33,3,5,2023-07-12,USA
TXN00966,CUST142,PROD0058,Electronics,1409.31,8,0,2023-06-18,Australia
TXN00967,CUST012,PROD0151,Clothing,89.14,9,0,2024-06-17,Germany
TXN00968,CUST228,PROD0378,Home,327.67,5,0,2024-03-06,USA
TXN00969,CUST267,PROD0331,Electronics,704.96,10,5,2023-08-26,Japan
TXN00970,CUST272,PROD0432,Home,281.01,8,5,2024-05-12,France
TXN00971,CUST088,PROD0405,Clothing,59.4,8,5,2023-11-10,Canada
TXN00972,CUST181,PROD0146,Electronics,939.06,3,20,2023-06-01,UK
TXN00973,CUST094,PROD0499,Sports,69.1,3,0,2023-10-20,UK
TXN00974,CUST163,PROD0295,Electronics,296.62,5,5,2023-02-12,UK
TXN00975,CUST018,PROD0341,Clothing,70.22,6,0,2024-07-29,Canada
TXN00976,CUST084,PROD0274,Books,18.57,1,10,2024-07-06,Germany
TXN00977,CUST164,PROD0080,Clothing,10.82,9,15,2024-04-14,Canada
TXN00978,CUST149,PROD0497,Home,472.84,10,25,2024-04-30,UK
TXN00979,CUST174,PROD0353,Sports,51.45,8,0,2024-03-28,UK
TXN00980,CUST158,PROD0013,Sports,132.46,4,10,2023-04-30,Canada
TXN00981,CUST029,PROD0312,Electronics,1300.56,10,15,2023-12-01,UK
TXN00982,CUST012,PROD0043,Home,276.13,8,25,2023-07-20,Japan
TXN00983,CUST202,PROD0100,Electronics,1006.41,10,20,2024-06-08,France
TXN00984,CUST185,PROD0204,Electronics,338.49,7,5,2024-11-13,Germany
TXN00985,CUST146,PROD0177,Home,185.41,8,15,2023-01-13,USA
TXN00986,CUST213,PROD0412,Clothing,94.08,3,10,2024-03-30,Japan
TXN00987,CUST045,PROD0074,Books,14.35,8,15,2023-05-23,Canada
TXN00988,CUST193,PROD0046,Electronics,62.91,5,10,2024-08-27,UK
TXN00989,CUST291,PROD0387,Sports,276.16,4,0,2024-04-18,Australia
TXN00990,CUST284,PROD0252,Books,6.9,5,20,2023-10-24,Canada
TXN00991,CUST238,PROD0115,Books,6.21,1,0,2024-07-26,Canada
TXN00992,CUST242,PROD0064,Home,332.1,5,10,2024-10-17,UK
TXN00993,CUST126,PROD0015,Books,10.37,5,10,2024-12-05,USA
TXN00994,CUST298,PROD0247,Sports,178.36,5,25,2024-01-06,Japan
TXN00995,CUST062,PROD0192,Books,28.06,10,0,2024-12-11,Australia
TXN00996,CUST298,PROD0030,Home,85.88,8,0,2023-06-16,Canada
TXN00997,CUST140,PROD0185,Clothing,89.71,6,0,2023-02-24,Canada
TXN00998,CUST040,PROD0264,Home,109.0,3,0,2024-06-26,France
TXN00999,CUST166,PROD0447,Clothing,70.08,5,5,2024-07-10,Japan
TXN01000,CUST274,PROD0297,Home,185.54,3,0,2023-04-09,UK
